,design,n,mpnn,plddt,i_ptm,i_pae,rmsd,seq
0,0,0,1.3253057572023577,0.5991356372833252,0.12803007662296295,26.30904734134674,41.57776641845703,ITHAFTKNSGLCICCEVFVGPRKLCVKEMNSGMAKKQAWLIKNKIKAFYAAVAADCFRDGVRSLLQASGLGRMKPNTLVIGYKKNWRKAPLTEIENYVGIIHDAFDFEIGVVIVRISQGFDISQVLQVQEELFNQKLVEASTQFKKKQEKGTIDVWWLFDDGGLTLLIPYILTLRKKWKDCKLRIYVGGKINRIEEEKIVMASLLSKFRIKFADIHIIGDINIRPNKESWKVFEEMIEPYRLHESCKDLTTAEKLKRETPWKITDAELEAVKEKSYRQVRLNELLQEHSRAANLIVLSLPVARKGSISDLLYMAWLEILTKNLPPVLLVRGNHKNVLTFYS/EIEKLKEEAENLKTELAYLESRKELSKIDDDIYKRDKERMEELKKKLEETNEEVEKLLAS
1,0,1,1.1983236698299196,0.8109785318374634,0.76291424036026,9.678934782743454,3.3579275608062744,ITHAFTKNSGLCICCEVFVGPRKLCVKEMNSGMAKKQAWLIKNKIKAFYAAVAADCFRDGVRSLLQASGLGRMKPNTLVIGYKKNWRKAPLTEIENYVGIIHDAFDFEIGVVIVRISQGFDISQVLQVQEELFNQKLVEASTQFKKKQEKGTIDVWWLFDDGGLTLLIPYILTLRKKWKDCKLRIYVGGKINRIEEEKIVMASLLSKFRIKFADIHIIGDINIRPNKESWKVFEEMIEPYRLHESCKDLTTAEKLKRETPWKITDAELEAVKEKSYRQVRLNELLQEHSRAANLIVLSLPVARKGSISDLLYMAWLEILTKNLPPVLLVRGNHKNVLTFYS/ELEKLEEEKKDYETELAYLKFRLDLFSIDEEEYERTKKKIEELEKKAEELKKKIEELKKK
2,0,2,1.2873063090284922,0.8552480340003967,0.789837121963501,8.901222109794617,3.5301334857940674,ITHAFTKNSGLCICCEVFVGPRKLCVKEMNSGMAKKQAWLIKNKIKAFYAAVAADCFRDGVRSLLQASGLGRMKPNTLVIGYKKNWRKAPLTEIENYVGIIHDAFDFEIGVVIVRISQGFDISQVLQVQEELFNQKLVEASTQFKKKQEKGTIDVWWLFDDGGLTLLIPYILTLRKKWKDCKLRIYVGGKINRIEEEKIVMASLLSKFRIKFADIHIIGDINIRPNKESWKVFEEMIEPYRLHESCKDLTTAEKLKRETPWKITDAELEAVKEKSYRQVRLNELLQEHSRAANLIVLSLPVARKGSISDLLYMAWLEILTKNLPPVLLVRGNHKNVLTFYS/EIKELEEQKKNAETELAYLEFRKDLFSIDEEEYERTEKKMKELEEKAKKLQKKIEELKKS
3,0,3,1.219855555937034,0.6954585313796997,0.16913646459579468,25.169578731060028,68.74767303466797,ITHAFTKNSGLCICCEVFVGPRKLCVKEMNSGMAKKQAWLIKNKIKAFYAAVAADCFRDGVRSLLQASGLGRMKPNTLVIGYKKNWRKAPLTEIENYVGIIHDAFDFEIGVVIVRISQGFDISQVLQVQEELFNQKLVEASTQFKKKQEKGTIDVWWLFDDGGLTLLIPYILTLRKKWKDCKLRIYVGGKINRIEEEKIVMASLLSKFRIKFADIHIIGDINIRPNKESWKVFEEMIEPYRLHESCKDLTTAEKLKRETPWKITDAELEAVKEKSYRQVRLNELLQEHSRAANLIVLSLPVARKGSISDLLYMAWLEILTKNLPPVLLVRGNHKNVLTFYS/EIEKLKEEAKNYEDELKYLEFRKELYSIDEELYERYKKKMEELKKKKEELEKEVKELLKK
4,0,4,1.2408488087771536,0.8475316166877747,0.794874906539917,8.803021907806396,4.699076175689697,ITHAFTKNSGLCICCEVFVGPRKLCVKEMNSGMAKKQAWLIKNKIKAFYAAVAADCFRDGVRSLLQASGLGRMKPNTLVIGYKKNWRKAPLTEIENYVGIIHDAFDFEIGVVIVRISQGFDISQVLQVQEELFNQKLVEASTQFKKKQEKGTIDVWWLFDDGGLTLLIPYILTLRKKWKDCKLRIYVGGKINRIEEEKIVMASLLSKFRIKFADIHIIGDINIRPNKESWKVFEEMIEPYRLHESCKDLTTAEKLKRETPWKITDAELEAVKEKSYRQVRLNELLQEHSRAANLIVLSLPVARKGSISDLLYMAWLEILTKNLPPVLLVRGNHKNVLTFYS/EIEKLKEEAEDLETELKYLEFRKEIFSIDEEEYEIMEKKIAELKAKREELKKKVKKLEEE
5,0,5,1.1791182414215573,0.8297702074050903,0.7902717590332031,9.24329125881195,3.734694480895996,ITHAFTKNSGLCICCEVFVGPRKLCVKEMNSGMAKKQAWLIKNKIKAFYAAVAADCFRDGVRSLLQASGLGRMKPNTLVIGYKKNWRKAPLTEIENYVGIIHDAFDFEIGVVIVRISQGFDISQVLQVQEELFNQKLVEASTQFKKKQEKGTIDVWWLFDDGGLTLLIPYILTLRKKWKDCKLRIYVGGKINRIEEEKIVMASLLSKFRIKFADIHIIGDINIRPNKESWKVFEEMIEPYRLHESCKDLTTAEKLKRETPWKITDAELEAVKEKSYRQVRLNELLQEHSRAANLIVLSLPVARKGSISDLLYMAWLEILTKNLPPVLLVRGNHKNVLTFYS/EIEKLKEEAENYEIELKYLEFRKDIFSIDEEEYKRVEKKIKELKEKKEKLKKEIEKLEES
6,0,6,1.3171813264777399,0.7104957103729248,0.2163209319114685,23.6141459941864,8.890375137329102,ITHAFTKNSGLCICCEVFVGPRKLCVKEMNSGMAKKQAWLIKNKIKAFYAAVAADCFRDGVRSLLQASGLGRMKPNTLVIGYKKNWRKAPLTEIENYVGIIHDAFDFEIGVVIVRISQGFDISQVLQVQEELFNQKLVEASTQFKKKQEKGTIDVWWLFDDGGLTLLIPYILTLRKKWKDCKLRIYVGGKINRIEEEKIVMASLLSKFRIKFADIHIIGDINIRPNKESWKVFEEMIEPYRLHESCKDLTTAEKLKRETPWKITDAELEAVKEKSYRQVRLNELLQEHSRAANLIVLSLPVARKGSISDLLYMAWLEILTKNLPPVLLVRGNHKNVLTFYS/EVEKLEQEAKDLEIELEYLKFRYELFSIDEEEKERIDEKMKKLEEKLEETKKKISELKEA
7,0,7,1.2245300032641073,0.867619514465332,0.7946550846099854,8.863360911607742,3.284644365310669,ITHAFTKNSGLCICCEVFVGPRKLCVKEMNSGMAKKQAWLIKNKIKAFYAAVAADCFRDGVRSLLQASGLGRMKPNTLVIGYKKNWRKAPLTEIENYVGIIHDAFDFEIGVVIVRISQGFDISQVLQVQEELFNQKLVEASTQFKKKQEKGTIDVWWLFDDGGLTLLIPYILTLRKKWKDCKLRIYVGGKINRIEEEKIVMASLLSKFRIKFADIHIIGDINIRPNKESWKVFEEMIEPYRLHESCKDLTTAEKLKRETPWKITDAELEAVKEKSYRQVRLNELLQEHSRAANLIVLSLPVARKGSISDLLYMAWLEILTKNLPPVLLVRGNHKNVLTFYS/EIEKLKEEKENYEIELKYLEFRKPLFEIDEEEYERVKKRIEELKKKAKELEEEVEKLEAE
8,0,8,1.2139396394752808,0.48433518409729004,0.15329256653785706,25.493063271045685,49.79934310913086,ITHAFTKNSGLCICCEVFVGPRKLCVKEMNSGMAKKQAWLIKNKIKAFYAAVAADCFRDGVRSLLQASGLGRMKPNTLVIGYKKNWRKAPLTEIENYVGIIHDAFDFEIGVVIVRISQGFDISQVLQVQEELFNQKLVEASTQFKKKQEKGTIDVWWLFDDGGLTLLIPYILTLRKKWKDCKLRIYVGGKINRIEEEKIVMASLLSKFRIKFADIHIIGDINIRPNKESWKVFEEMIEPYRLHESCKDLTTAEKLKRETPWKITDAELEAVKEKSYRQVRLNELLQEHSRAANLIVLSLPVARKGSISDLLYMAWLEILTKNLPPVLLVRGNHKNVLTFYS/EIEKLKEEAENLKTELAYLEARKELYEIDPEEYEKTKKKMEELKKKAEELEKEAKKLEKE
9,0,9,1.1952312618985508,0.48496782779693604,0.15416546165943146,25.610544681549072,50.04362487792969,ITHAFTKNSGLCICCEVFVGPRKLCVKEMNSGMAKKQAWLIKNKIKAFYAAVAADCFRDGVRSLLQASGLGRMKPNTLVIGYKKNWRKAPLTEIENYVGIIHDAFDFEIGVVIVRISQGFDISQVLQVQEELFNQKLVEASTQFKKKQEKGTIDVWWLFDDGGLTLLIPYILTLRKKWKDCKLRIYVGGKINRIEEEKIVMASLLSKFRIKFADIHIIGDINIRPNKESWKVFEEMIEPYRLHESCKDLTTAEKLKRETPWKITDAELEAVKEKSYRQVRLNELLQEHSRAANLIVLSLPVARKGSISDLLYMAWLEILTKNLPPVLLVRGNHKNVLTFYS/KIKELEEEAENLETELKYLEFRLELYSIDEEEYKKTKEKMEKLKKEYEELKKEIEKLKKE
10,0,10,1.2381298534992102,0.5165331959724426,0.2038099318742752,24.131663978099823,41.09547424316406,ITHAFTKNSGLCICCEVFVGPRKLCVKEMNSGMAKKQAWLIKNKIKAFYAAVAADCFRDGVRSLLQASGLGRMKPNTLVIGYKKNWRKAPLTEIENYVGIIHDAFDFEIGVVIVRISQGFDISQVLQVQEELFNQKLVEASTQFKKKQEKGTIDVWWLFDDGGLTLLIPYILTLRKKWKDCKLRIYVGGKINRIEEEKIVMASLLSKFRIKFADIHIIGDINIRPNKESWKVFEEMIEPYRLHESCKDLTTAEKLKRETPWKITDAELEAVKEKSYRQVRLNELLQEHSRAANLIVLSLPVARKGSISDLLYMAWLEILTKNLPPVLLVRGNHKNVLTFYS/EIEKLKEERDDLETELKYLEFRKELFKIDPEEYERMEEKMKELEKKAEELKKKIEELEKK
11,0,11,1.2325770423245508,0.46964478492736816,0.12593016028404236,26.028552412986755,32.364227294921875,ITHAFTKNSGLCICCEVFVGPRKLCVKEMNSGMAKKQAWLIKNKIKAFYAAVAADCFRDGVRSLLQASGLGRMKPNTLVIGYKKNWRKAPLTEIENYVGIIHDAFDFEIGVVIVRISQGFDISQVLQVQEELFNQKLVEASTQFKKKQEKGTIDVWWLFDDGGLTLLIPYILTLRKKWKDCKLRIYVGGKINRIEEEKIVMASLLSKFRIKFADIHIIGDINIRPNKESWKVFEEMIEPYRLHESCKDLTTAEKLKRETPWKITDAELEAVKEKSYRQVRLNELLQEHSRAANLIVLSLPVARKGSISDLLYMAWLEILTKNLPPVLLVRGNHKNVLTFYS/EIEKLEEEAEDYKVQLKYLEFRLDLAKIDPEIYERTKKKMKELKEKYEELKKEIEKLKEK
12,0,12,1.2681503934534786,0.8435955047607422,0.7362518906593323,9.992726057767868,3.137920379638672,ITHAFTKNSGLCICCEVFVGPRKLCVKEMNSGMAKKQAWLIKNKIKAFYAAVAADCFRDGVRSLLQASGLGRMKPNTLVIGYKKNWRKAPLTEIENYVGIIHDAFDFEIGVVIVRISQGFDISQVLQVQEELFNQKLVEASTQFKKKQEKGTIDVWWLFDDGGLTLLIPYILTLRKKWKDCKLRIYVGGKINRIEEEKIVMASLLSKFRIKFADIHIIGDINIRPNKESWKVFEEMIEPYRLHESCKDLTTAEKLKRETPWKITDAELEAVKEKSYRQVRLNELLQEHSRAANLIVLSLPVARKGSISDLLYMAWLEILTKNLPPVLLVRGNHKNVLTFYS/EIEELKKKAEDLKTQLKYLEFRKDLFSIDEEEYKKYKEKMKKLEKERKELEKEIEKLEKA
13,0,13,1.265822999465098,0.8289848566055298,0.7439572811126709,9.679190695285797,5.144772052764893,ITHAFTKNSGLCICCEVFVGPRKLCVKEMNSGMAKKQAWLIKNKIKAFYAAVAADCFRDGVRSLLQASGLGRMKPNTLVIGYKKNWRKAPLTEIENYVGIIHDAFDFEIGVVIVRISQGFDISQVLQVQEELFNQKLVEASTQFKKKQEKGTIDVWWLFDDGGLTLLIPYILTLRKKWKDCKLRIYVGGKINRIEEEKIVMASLLSKFRIKFADIHIIGDINIRPNKESWKVFEEMIEPYRLHESCKDLTTAEKLKRETPWKITDAELEAVKEKSYRQVRLNELLQEHSRAANLIVLSLPVARKGSISDLLYMAWLEILTKNLPPVLLVRGNHKNVLTFYS/ELEKLKNEAEDLKIELEYLLARKDLYKIDEEEYKITEKKIKELEEKYKKLKEKAEELEKK
14,0,14,1.2570506066472351,0.8586010336875916,0.7872157096862793,9.07935294508934,2.262132167816162,ITHAFTKNSGLCICCEVFVGPRKLCVKEMNSGMAKKQAWLIKNKIKAFYAAVAADCFRDGVRSLLQASGLGRMKPNTLVIGYKKNWRKAPLTEIENYVGIIHDAFDFEIGVVIVRISQGFDISQVLQVQEELFNQKLVEASTQFKKKQEKGTIDVWWLFDDGGLTLLIPYILTLRKKWKDCKLRIYVGGKINRIEEEKIVMASLLSKFRIKFADIHIIGDINIRPNKESWKVFEEMIEPYRLHESCKDLTTAEKLKRETPWKITDAELEAVKEKSYRQVRLNELLQEHSRAANLIVLSLPVARKGSISDLLYMAWLEILTKNLPPVLLVRGNHKNVLTFYS/EIEKLKEEAENYKIELKYLEFREDLYSIDSELYEKHKKKKKELEEKAKKLEEEIEKLEKS
15,0,15,1.2970425634656273,0.5386945009231567,0.21138742566108704,23.59060388803482,40.235206604003906,ITHAFTKNSGLCICCEVFVGPRKLCVKEMNSGMAKKQAWLIKNKIKAFYAAVAADCFRDGVRSLLQASGLGRMKPNTLVIGYKKNWRKAPLTEIENYVGIIHDAFDFEIGVVIVRISQGFDISQVLQVQEELFNQKLVEASTQFKKKQEKGTIDVWWLFDDGGLTLLIPYILTLRKKWKDCKLRIYVGGKINRIEEEKIVMASLLSKFRIKFADIHIIGDINIRPNKESWKVFEEMIEPYRLHESCKDLTTAEKLKRETPWKITDAELEAVKEKSYRQVRLNELLQEHSRAANLIVLSLPVARKGSISDLLYMAWLEILTKNLPPVLLVRGNHKNVLTFYS/EVEKLQEEAENYRIELEYLKFRSELFEIDEELAEIEKKRKEELEKKEKELKEKVEELLKS
16,0,16,1.2674627356602302,0.8071036338806152,0.7585943937301636,9.727307796478271,4.028697490692139,ITHAFTKNSGLCICCEVFVGPRKLCVKEMNSGMAKKQAWLIKNKIKAFYAAVAADCFRDGVRSLLQASGLGRMKPNTLVIGYKKNWRKAPLTEIENYVGIIHDAFDFEIGVVIVRISQGFDISQVLQVQEELFNQKLVEASTQFKKKQEKGTIDVWWLFDDGGLTLLIPYILTLRKKWKDCKLRIYVGGKINRIEEEKIVMASLLSKFRIKFADIHIIGDINIRPNKESWKVFEEMIEPYRLHESCKDLTTAEKLKRETPWKITDAELEAVKEKSYRQVRLNELLQEHSRAANLIVLSLPVARKGSISDLLYMAWLEILTKNLPPVLLVRGNHKNVLTFYS/KIEELRKKAEDAKIELKYLEFRKELFSIDEEEYEKTEKKIKELEEKYKEIEKKVKEEEEK
17,0,17,1.2201947597615772,0.48235249519348145,0.19678063690662384,24.294995307922363,40.699642181396484,ITHAFTKNSGLCICCEVFVGPRKLCVKEMNSGMAKKQAWLIKNKIKAFYAAVAADCFRDGVRSLLQASGLGRMKPNTLVIGYKKNWRKAPLTEIENYVGIIHDAFDFEIGVVIVRISQGFDISQVLQVQEELFNQKLVEASTQFKKKQEKGTIDVWWLFDDGGLTLLIPYILTLRKKWKDCKLRIYVGGKINRIEEEKIVMASLLSKFRIKFADIHIIGDINIRPNKESWKVFEEMIEPYRLHESCKDLTTAEKLKRETPWKITDAELEAVKEKSYRQVRLNELLQEHSRAANLIVLSLPVARKGSISDLLYMAWLEILTKNLPPVLLVRGNHKNVLTFYS/EIDELEEEAENLEIELEYLKFREELFKIDEEEYEKMKKKIKELEEKKEELKKKVEELKKS
18,0,18,1.3015731233175916,0.8395389914512634,0.7717567086219788,9.229776859283447,3.8060691356658936,ITHAFTKNSGLCICCEVFVGPRKLCVKEMNSGMAKKQAWLIKNKIKAFYAAVAADCFRDGVRSLLQASGLGRMKPNTLVIGYKKNWRKAPLTEIENYVGIIHDAFDFEIGVVIVRISQGFDISQVLQVQEELFNQKLVEASTQFKKKQEKGTIDVWWLFDDGGLTLLIPYILTLRKKWKDCKLRIYVGGKINRIEEEKIVMASLLSKFRIKFADIHIIGDINIRPNKESWKVFEEMIEPYRLHESCKDLTTAEKLKRETPWKITDAELEAVKEKSYRQVRLNELLQEHSRAANLIVLSLPVARKGSISDLLYMAWLEILTKNLPPVLLVRGNHKNVLTFYS/EIEKLKEEAKDAETELAYLKFRKELYSIDEEEAERMEKRIAELEKEREELEKKVKELEEK
19,0,19,1.2274527048508999,0.6494119167327881,0.3111174702644348,21.168573677539825,6.925102710723877,ITHAFTKNSGLCICCEVFVGPRKLCVKEMNSGMAKKQAWLIKNKIKAFYAAVAADCFRDGVRSLLQASGLGRMKPNTLVIGYKKNWRKAPLTEIENYVGIIHDAFDFEIGVVIVRISQGFDISQVLQVQEELFNQKLVEASTQFKKKQEKGTIDVWWLFDDGGLTLLIPYILTLRKKWKDCKLRIYVGGKINRIEEEKIVMASLLSKFRIKFADIHIIGDINIRPNKESWKVFEEMIEPYRLHESCKDLTTAEKLKRETPWKITDAELEAVKEKSYRQVRLNELLQEHSRAANLIVLSLPVARKGSISDLLYMAWLEILTKNLPPVLLVRGNHKNVLTFYS/AIEELEKEAEDYKIELEYLKFRKELFSIDEEEYERTEEKIKELEEKYEELKKKVEELKKS
20,0,20,1.2274481952628178,0.49281013011932373,0.13081875443458557,26.275719583034515,37.68361282348633,ITHAFTKNSGLCICCEVFVGPRKLCVKEMNSGMAKKQAWLIKNKIKAFYAAVAADCFRDGVRSLLQASGLGRMKPNTLVIGYKKNWRKAPLTEIENYVGIIHDAFDFEIGVVIVRISQGFDISQVLQVQEELFNQKLVEASTQFKKKQEKGTIDVWWLFDDGGLTLLIPYILTLRKKWKDCKLRIYVGGKINRIEEEKIVMASLLSKFRIKFADIHIIGDINIRPNKESWKVFEEMIEPYRLHESCKDLTTAEKLKRETPWKITDAELEAVKEKSYRQVRLNELLQEHSRAANLIVLSLPVARKGSISDLLYMAWLEILTKNLPPVLLVRGNHKNVLTFYS/EIEKLKKEAEDLKNQLAFLEFRKDLYAIDEEEYKRVKKKMEELKKKYEELKKKAEELEKS
21,0,21,1.2259282090210153,0.6920244693756104,0.6319449543952942,12.405060231685638,5.344882965087891,ITHAFTKNSGLCICCEVFVGPRKLCVKEMNSGMAKKQAWLIKNKIKAFYAAVAADCFRDGVRSLLQASGLGRMKPNTLVIGYKKNWRKAPLTEIENYVGIIHDAFDFEIGVVIVRISQGFDISQVLQVQEELFNQKLVEASTQFKKKQEKGTIDVWWLFDDGGLTLLIPYILTLRKKWKDCKLRIYVGGKINRIEEEKIVMASLLSKFRIKFADIHIIGDINIRPNKESWKVFEEMIEPYRLHESCKDLTTAEKLKRETPWKITDAELEAVKEKSYRQVRLNELLQEHSRAANLIVLSLPVARKGSISDLLYMAWLEILTKNLPPVLLVRGNHKNVLTFYS/EIEKLKEEAENLKTELEYLKARSELFKIDEEEAEIHEKKLKELEEKYEKLKKEIEKLEKE
22,0,22,1.2476958034343237,0.8780055046081543,0.7929641008377075,8.633475691080093,3.042465925216675,ITHAFTKNSGLCICCEVFVGPRKLCVKEMNSGMAKKQAWLIKNKIKAFYAAVAADCFRDGVRSLLQASGLGRMKPNTLVIGYKKNWRKAPLTEIENYVGIIHDAFDFEIGVVIVRISQGFDISQVLQVQEELFNQKLVEASTQFKKKQEKGTIDVWWLFDDGGLTLLIPYILTLRKKWKDCKLRIYVGGKINRIEEEKIVMASLLSKFRIKFADIHIIGDINIRPNKESWKVFEEMIEPYRLHESCKDLTTAEKLKRETPWKITDAELEAVKEKSYRQVRLNELLQEHSRAANLIVLSLPVARKGSISDLLYMAWLEILTKNLPPVLLVRGNHKNVLTFYS/EIEELKKEAENLKIERKYLEARLDLYKIDPEEYERTEKKIKELKEKEEKLKKEIEKLEES
23,0,23,1.303807125271616,0.47005581855773926,0.1906839907169342,24.39189839363098,41.212554931640625,ITHAFTKNSGLCICCEVFVGPRKLCVKEMNSGMAKKQAWLIKNKIKAFYAAVAADCFRDGVRSLLQASGLGRMKPNTLVIGYKKNWRKAPLTEIENYVGIIHDAFDFEIGVVIVRISQGFDISQVLQVQEELFNQKLVEASTQFKKKQEKGTIDVWWLFDDGGLTLLIPYILTLRKKWKDCKLRIYVGGKINRIEEEKIVMASLLSKFRIKFADIHIIGDINIRPNKESWKVFEEMIEPYRLHESCKDLTTAEKLKRETPWKITDAELEAVKEKSYRQVRLNELLQEHSRAANLIVLSLPVARKGSISDLLYMAWLEILTKNLPPVLLVRGNHKNVLTFYS/EIEKLREEAEDLKVELEYLKFREELYSIYPELAKIRKERMEKLEKEEKELKKKVKELEEK
24,0,24,1.1763571050541004,0.5200543999671936,0.13610976934432983,26.010110080242157,42.09868621826172,ITHAFTKNSGLCICCEVFVGPRKLCVKEMNSGMAKKQAWLIKNKIKAFYAAVAADCFRDGVRSLLQASGLGRMKPNTLVIGYKKNWRKAPLTEIENYVGIIHDAFDFEIGVVIVRISQGFDISQVLQVQEELFNQKLVEASTQFKKKQEKGTIDVWWLFDDGGLTLLIPYILTLRKKWKDCKLRIYVGGKINRIEEEKIVMASLLSKFRIKFADIHIIGDINIRPNKESWKVFEEMIEPYRLHESCKDLTTAEKLKRETPWKITDAELEAVKEKSYRQVRLNELLQEHSRAANLIVLSLPVARKGSISDLLYMAWLEILTKNLPPVLLVRGNHKNVLTFYS/EIEKLEEERENYKIELEYLKFREELFKIDEEEYKIHEKKMKELEEKAKELEKKVEELKKS
25,0,25,1.2412675671694178,0.5666955709457397,0.17909306287765503,24.777195513248444,55.32893371582031,ITHAFTKNSGLCICCEVFVGPRKLCVKEMNSGMAKKQAWLIKNKIKAFYAAVAADCFRDGVRSLLQASGLGRMKPNTLVIGYKKNWRKAPLTEIENYVGIIHDAFDFEIGVVIVRISQGFDISQVLQVQEELFNQKLVEASTQFKKKQEKGTIDVWWLFDDGGLTLLIPYILTLRKKWKDCKLRIYVGGKINRIEEEKIVMASLLSKFRIKFADIHIIGDINIRPNKESWKVFEEMIEPYRLHESCKDLTTAEKLKRETPWKITDAELEAVKEKSYRQVRLNELLQEHSRAANLIVLSLPVARKGSISDLLYMAWLEILTKNLPPVLLVRGNHKNVLTFYS/EIEKLKEEAENKKIELKYLEFRKELFSIYPEEKERVDKKMKKLEEEAKELEKKIEELESS
26,0,26,1.2758879028617756,0.8536067605018616,0.7523859739303589,9.54511746764183,3.3910529613494873,ITHAFTKNSGLCICCEVFVGPRKLCVKEMNSGMAKKQAWLIKNKIKAFYAAVAADCFRDGVRSLLQASGLGRMKPNTLVIGYKKNWRKAPLTEIENYVGIIHDAFDFEIGVVIVRISQGFDISQVLQVQEELFNQKLVEASTQFKKKQEKGTIDVWWLFDDGGLTLLIPYILTLRKKWKDCKLRIYVGGKINRIEEEKIVMASLLSKFRIKFADIHIIGDINIRPNKESWKVFEEMIEPYRLHESCKDLTTAEKLKRETPWKITDAELEAVKEKSYRQVRLNELLQEHSRAANLIVLSLPVARKGSISDLLYMAWLEILTKNLPPVLLVRGNHKNVLTFYS/EIEKLEEKAKSLETELKYLEFREEIFKIDEEEYEKHKKKVEELKKELEEIKKKVDSLKKS
27,0,27,1.2384796803615665,0.625227689743042,0.310641348361969,20.8327739238739,7.237329483032227,ITHAFTKNSGLCICCEVFVGPRKLCVKEMNSGMAKKQAWLIKNKIKAFYAAVAADCFRDGVRSLLQASGLGRMKPNTLVIGYKKNWRKAPLTEIENYVGIIHDAFDFEIGVVIVRISQGFDISQVLQVQEELFNQKLVEASTQFKKKQEKGTIDVWWLFDDGGLTLLIPYILTLRKKWKDCKLRIYVGGKINRIEEEKIVMASLLSKFRIKFADIHIIGDINIRPNKESWKVFEEMIEPYRLHESCKDLTTAEKLKRETPWKITDAELEAVKEKSYRQVRLNELLQEHSRAANLIVLSLPVARKGSISDLLYMAWLEILTKNLPPVLLVRGNHKNVLTFYS/KVEELEKEKENLKIELAYLEARLPLFSIDPEEYERTQKKIEELKKKAEEIEKKVEELKKK
28,0,28,1.2289592822828044,0.8412063121795654,0.7696073651313782,9.315781027078629,4.926949501037598,ITHAFTKNSGLCICCEVFVGPRKLCVKEMNSGMAKKQAWLIKNKIKAFYAAVAADCFRDGVRSLLQASGLGRMKPNTLVIGYKKNWRKAPLTEIENYVGIIHDAFDFEIGVVIVRISQGFDISQVLQVQEELFNQKLVEASTQFKKKQEKGTIDVWWLFDDGGLTLLIPYILTLRKKWKDCKLRIYVGGKINRIEEEKIVMASLLSKFRIKFADIHIIGDINIRPNKESWKVFEEMIEPYRLHESCKDLTTAEKLKRETPWKITDAELEAVKEKSYRQVRLNELLQEHSRAANLIVLSLPVARKGSISDLLYMAWLEILTKNLPPVLLVRGNHKNVLTFYS/KIEELKKEAEDLKTQLEFLKFRRELFSIDEEEYKITEEKMKELEEKYKELEKKIKKLEEE
29,0,29,1.2670187500987744,0.808425784111023,0.7175271511077881,10.366933941841125,4.689295291900635,ITHAFTKNSGLCICCEVFVGPRKLCVKEMNSGMAKKQAWLIKNKIKAFYAAVAADCFRDGVRSLLQASGLGRMKPNTLVIGYKKNWRKAPLTEIENYVGIIHDAFDFEIGVVIVRISQGFDISQVLQVQEELFNQKLVEASTQFKKKQEKGTIDVWWLFDDGGLTLLIPYILTLRKKWKDCKLRIYVGGKINRIEEEKIVMASLLSKFRIKFADIHIIGDINIRPNKESWKVFEEMIEPYRLHESCKDLTTAEKLKRETPWKITDAELEAVKEKSYRQVRLNELLQEHSRAANLIVLSLPVARKGSISDLLYMAWLEILTKNLPPVLLVRGNHKNVLTFYS/EVKELEEKEEDLKTELAYLEARKDLYSIDPEEAERMDERMKKLKEEAEKLKKLVEELKKK
30,0,30,1.2536317641930534,0.6346138715744019,0.48355141282081604,16.676538050174713,57.4841194152832,ITHAFTKNSGLCICCEVFVGPRKLCVKEMNSGMAKKQAWLIKNKIKAFYAAVAADCFRDGVRSLLQASGLGRMKPNTLVIGYKKNWRKAPLTEIENYVGIIHDAFDFEIGVVIVRISQGFDISQVLQVQEELFNQKLVEASTQFKKKQEKGTIDVWWLFDDGGLTLLIPYILTLRKKWKDCKLRIYVGGKINRIEEEKIVMASLLSKFRIKFADIHIIGDINIRPNKESWKVFEEMIEPYRLHESCKDLTTAEKLKRETPWKITDAELEAVKEKSYRQVRLNELLQEHSRAANLIVLSLPVARKGSISDLLYMAWLEILTKNLPPVLLVRGNHKNVLTFYS/EVEKLKEEAENYKIELEYLKFREDLFKIYPEEYEKHKKKIEELEEKAKKLEEEVEKLEKS
31,0,31,1.181313806078641,0.8406025171279907,0.7792930006980896,9.181100815534592,4.215452671051025,ITHAFTKNSGLCICCEVFVGPRKLCVKEMNSGMAKKQAWLIKNKIKAFYAAVAADCFRDGVRSLLQASGLGRMKPNTLVIGYKKNWRKAPLTEIENYVGIIHDAFDFEIGVVIVRISQGFDISQVLQVQEELFNQKLVEASTQFKKKQEKGTIDVWWLFDDGGLTLLIPYILTLRKKWKDCKLRIYVGGKINRIEEEKIVMASLLSKFRIKFADIHIIGDINIRPNKESWKVFEEMIEPYRLHESCKDLTTAEKLKRETPWKITDAELEAVKEKSYRQVRLNELLQEHSRAANLIVLSLPVARKGSISDLLYMAWLEILTKNLPPVLLVRGNHKNVLTFYS/EIEKLEEERENLEIELKYLEFRKELFKIDPEEYERVEKKIEELKKKKEELKKEVEELKKK
