Unnamed: 0,design,n,mpnn,plddt,i_ptm,i_pae,rmsd,seq
22,0,22,1.2476958034343235,0.8780055046081543,0.7929641008377075,8.633475691080093,3.042465925216675,ITHAFTKNSGLCICCEVFVGPRKLCVKEMNSGMAKKQAWLIKNKIKAFYAAVAADCFRDGVRSLLQASGLGRMKPNTLVIGYKKNWRKAPLTEIENYVGIIHDAFDFEIGVVIVRISQGFDISQVLQVQEELFNQKLVEASTQFKKKQEKGTIDVWWLFDDGGLTLLIPYILTLRKKWKDCKLRIYVGGKINRIEEEKIVMASLLSKFRIKFADIHIIGDINIRPNKESWKVFEEMIEPYRLHESCKDLTTAEKLKRETPWKITDAELEAVKEKSYRQVRLNELLQEHSRAANLIVLSLPVARKGSISDLLYMAWLEILTKNLPPVLLVRGNHKNVLTFYS/EIEELKKEAENLKIERKYLEARLDLYKIDPEEYERTEKKIKELKEKEEKLKKEIEKLEES
7,0,7,1.224530003264107,0.867619514465332,0.7946550846099854,8.863360911607742,3.284644365310669,ITHAFTKNSGLCICCEVFVGPRKLCVKEMNSGMAKKQAWLIKNKIKAFYAAVAADCFRDGVRSLLQASGLGRMKPNTLVIGYKKNWRKAPLTEIENYVGIIHDAFDFEIGVVIVRISQGFDISQVLQVQEELFNQKLVEASTQFKKKQEKGTIDVWWLFDDGGLTLLIPYILTLRKKWKDCKLRIYVGGKINRIEEEKIVMASLLSKFRIKFADIHIIGDINIRPNKESWKVFEEMIEPYRLHESCKDLTTAEKLKRETPWKITDAELEAVKEKSYRQVRLNELLQEHSRAANLIVLSLPVARKGSISDLLYMAWLEILTKNLPPVLLVRGNHKNVLTFYS/EIEKLKEEKENYEIELKYLEFRKPLFEIDEEEYERVKKRIEELKKKAKELEEEVEKLEAE
0,0,0,1.2684068089099692,0.8662359714508057,0.7927461266517639,8.691539198160172,3.840306520462036,ITHAFTKNSGLCICCEVFVGPRKLCVKEMNSGMAKKQAWLIKNKIKAFYAAVAADCFRDGVRSLLQASGLGRMKPNTLVIGYKKNWRKAPLTEIENYVGIIHDAFDFEIGVVIVRISQGFDISQVLQVQEELFNQKLVEASTQFKKKQEKGTIDVWWLFDDGGLTLLIPYILTLRKKWKDCKLRIYVGGKINRIEEEKIVMASLLSKFRIKFADIHIIGDINIRPNKESWKVFEEMIEPYRLHESCKDLTTAEKLKRETPWKITDAELEAVKEKSYRQVRLNELLQEHSRAANLIVLSLPVARKGSISDLLYMAWLEILTKNLPPVLLVRGNHKNVLTFYS/EVAKLKEEAEYYKTLLKYLEFRLDIYKIDEDIYKRVEEKMKELKKKKEELEKKVEELLKS
14,0,14,1.2570506066472351,0.8586010336875916,0.7872157096862793,9.07935294508934,2.262132167816162,ITHAFTKNSGLCICCEVFVGPRKLCVKEMNSGMAKKQAWLIKNKIKAFYAAVAADCFRDGVRSLLQASGLGRMKPNTLVIGYKKNWRKAPLTEIENYVGIIHDAFDFEIGVVIVRISQGFDISQVLQVQEELFNQKLVEASTQFKKKQEKGTIDVWWLFDDGGLTLLIPYILTLRKKWKDCKLRIYVGGKINRIEEEKIVMASLLSKFRIKFADIHIIGDINIRPNKESWKVFEEMIEPYRLHESCKDLTTAEKLKRETPWKITDAELEAVKEKSYRQVRLNELLQEHSRAANLIVLSLPVARKGSISDLLYMAWLEILTKNLPPVLLVRGNHKNVLTFYS/EIEKLKEEAENYKIELKYLEFREDLYSIDSELYEKHKKKKKELEEKAKKLEEEIEKLEKS
2,0,2,1.2873063090284922,0.8552480340003967,0.789837121963501,8.901222109794617,3.5301334857940674,ITHAFTKNSGLCICCEVFVGPRKLCVKEMNSGMAKKQAWLIKNKIKAFYAAVAADCFRDGVRSLLQASGLGRMKPNTLVIGYKKNWRKAPLTEIENYVGIIHDAFDFEIGVVIVRISQGFDISQVLQVQEELFNQKLVEASTQFKKKQEKGTIDVWWLFDDGGLTLLIPYILTLRKKWKDCKLRIYVGGKINRIEEEKIVMASLLSKFRIKFADIHIIGDINIRPNKESWKVFEEMIEPYRLHESCKDLTTAEKLKRETPWKITDAELEAVKEKSYRQVRLNELLQEHSRAANLIVLSLPVARKGSISDLLYMAWLEILTKNLPPVLLVRGNHKNVLTFYS/EIKELEEQKKNAETELAYLEFRKDLFSIDEEEYERTEKKMKELEEKAKKLQKKIEELKKS
26,0,26,1.2758879028617756,0.8536067605018616,0.7523859739303589,9.54511746764183,3.3910529613494877,ITHAFTKNSGLCICCEVFVGPRKLCVKEMNSGMAKKQAWLIKNKIKAFYAAVAADCFRDGVRSLLQASGLGRMKPNTLVIGYKKNWRKAPLTEIENYVGIIHDAFDFEIGVVIVRISQGFDISQVLQVQEELFNQKLVEASTQFKKKQEKGTIDVWWLFDDGGLTLLIPYILTLRKKWKDCKLRIYVGGKINRIEEEKIVMASLLSKFRIKFADIHIIGDINIRPNKESWKVFEEMIEPYRLHESCKDLTTAEKLKRETPWKITDAELEAVKEKSYRQVRLNELLQEHSRAANLIVLSLPVARKGSISDLLYMAWLEILTKNLPPVLLVRGNHKNVLTFYS/EIEKLEEKAKSLETELKYLEFREEIFKIDEEEYEKHKKKVEELKKELEEIKKKVDSLKKS
7,0,7,1.272036984847573,0.8518595099449158,0.7860993146896362,8.897819489240646,3.079045295715332,ITHAFTKNSGLCICCEVFVGPRKLCVKEMNSGMAKKQAWLIKNKIKAFYAAVAADCFRDGVRSLLQASGLGRMKPNTLVIGYKKNWRKAPLTEIENYVGIIHDAFDFEIGVVIVRISQGFDISQVLQVQEELFNQKLVEASTQFKKKQEKGTIDVWWLFDDGGLTLLIPYILTLRKKWKDCKLRIYVGGKINRIEEEKIVMASLLSKFRIKFADIHIIGDINIRPNKESWKVFEEMIEPYRLHESCKDLTTAEKLKRETPWKITDAELEAVKEKSYRQVRLNELLQEHSRAANLIVLSLPVARKGSISDLLYMAWLEILTKNLPPVLLVRGNHKNVLTFYS/KIKELEEEAKNAKEELQYLEFRLDLSKIDEEEYKRTKEKMEELQKKAEELEKKIKELKEK
4,0,4,1.2408488087771536,0.8475316166877747,0.794874906539917,8.803021907806396,4.699076175689697,ITHAFTKNSGLCICCEVFVGPRKLCVKEMNSGMAKKQAWLIKNKIKAFYAAVAADCFRDGVRSLLQASGLGRMKPNTLVIGYKKNWRKAPLTEIENYVGIIHDAFDFEIGVVIVRISQGFDISQVLQVQEELFNQKLVEASTQFKKKQEKGTIDVWWLFDDGGLTLLIPYILTLRKKWKDCKLRIYVGGKINRIEEEKIVMASLLSKFRIKFADIHIIGDINIRPNKESWKVFEEMIEPYRLHESCKDLTTAEKLKRETPWKITDAELEAVKEKSYRQVRLNELLQEHSRAANLIVLSLPVARKGSISDLLYMAWLEILTKNLPPVLLVRGNHKNVLTFYS/EIEKLKEEAEDLETELKYLEFRKEIFSIDEEEYEIMEKKIAELKAKREELKKKVKKLEEE
12,0,12,1.2681503934534786,0.8435955047607422,0.7362518906593323,9.992726057767868,3.137920379638672,ITHAFTKNSGLCICCEVFVGPRKLCVKEMNSGMAKKQAWLIKNKIKAFYAAVAADCFRDGVRSLLQASGLGRMKPNTLVIGYKKNWRKAPLTEIENYVGIIHDAFDFEIGVVIVRISQGFDISQVLQVQEELFNQKLVEASTQFKKKQEKGTIDVWWLFDDGGLTLLIPYILTLRKKWKDCKLRIYVGGKINRIEEEKIVMASLLSKFRIKFADIHIIGDINIRPNKESWKVFEEMIEPYRLHESCKDLTTAEKLKRETPWKITDAELEAVKEKSYRQVRLNELLQEHSRAANLIVLSLPVARKGSISDLLYMAWLEILTKNLPPVLLVRGNHKNVLTFYS/EIEELKKKAEDLKTQLKYLEFRKDLFSIDEEEYKKYKEKMKKLEKERKELEKEIEKLEKA
28,0,28,1.2289592822828044,0.8412063121795654,0.7696073651313782,9.315781027078629,4.926949501037598,ITHAFTKNSGLCICCEVFVGPRKLCVKEMNSGMAKKQAWLIKNKIKAFYAAVAADCFRDGVRSLLQASGLGRMKPNTLVIGYKKNWRKAPLTEIENYVGIIHDAFDFEIGVVIVRISQGFDISQVLQVQEELFNQKLVEASTQFKKKQEKGTIDVWWLFDDGGLTLLIPYILTLRKKWKDCKLRIYVGGKINRIEEEKIVMASLLSKFRIKFADIHIIGDINIRPNKESWKVFEEMIEPYRLHESCKDLTTAEKLKRETPWKITDAELEAVKEKSYRQVRLNELLQEHSRAANLIVLSLPVARKGSISDLLYMAWLEILTKNLPPVLLVRGNHKNVLTFYS/KIEELKKEAEDLKTQLEFLKFRRELFSIDEEEYKITEEKMKELEEKYKELEKKIKKLEEE
31,0,31,1.181313806078641,0.8406025171279907,0.7792930006980896,9.181100815534592,4.215452671051025,ITHAFTKNSGLCICCEVFVGPRKLCVKEMNSGMAKKQAWLIKNKIKAFYAAVAADCFRDGVRSLLQASGLGRMKPNTLVIGYKKNWRKAPLTEIENYVGIIHDAFDFEIGVVIVRISQGFDISQVLQVQEELFNQKLVEASTQFKKKQEKGTIDVWWLFDDGGLTLLIPYILTLRKKWKDCKLRIYVGGKINRIEEEKIVMASLLSKFRIKFADIHIIGDINIRPNKESWKVFEEMIEPYRLHESCKDLTTAEKLKRETPWKITDAELEAVKEKSYRQVRLNELLQEHSRAANLIVLSLPVARKGSISDLLYMAWLEILTKNLPPVLLVRGNHKNVLTFYS/EIEKLEEERENLEIELKYLEFRKELFKIDPEEYERVEKKIEELKKKKEELKKEVEELKKK
16,0,16,1.2285883779762954,0.8405475616455078,0.801451563835144,8.919651508331299,4.590544700622559,ITHAFTKNSGLCICCEVFVGPRKLCVKEMNSGMAKKQAWLIKNKIKAFYAAVAADCFRDGVRSLLQASGLGRMKPNTLVIGYKKNWRKAPLTEIENYVGIIHDAFDFEIGVVIVRISQGFDISQVLQVQEELFNQKLVEASTQFKKKQEKGTIDVWWLFDDGGLTLLIPYILTLRKKWKDCKLRIYVGGKINRIEEEKIVMASLLSKFRIKFADIHIIGDINIRPNKESWKVFEEMIEPYRLHESCKDLTTAEKLKRETPWKITDAELEAVKEKSYRQVRLNELLQEHSRAANLIVLSLPVARKGSISDLLYMAWLEILTKNLPPVLLVRGNHKNVLTFYS/EIEKLKEKAESLEIELKYLEFRKDLFSIDEEEYERTKKKIEELKKEKKELEEEVKRLEKE
6,0,6,1.3430575759705623,0.8399375081062317,0.6966673135757446,10.611209392547607,4.378708362579346,ITHAFTKNSGLCICCEVFVGPRKLCVKEMNSGMAKKQAWLIKNKIKAFYAAVAADCFRDGVRSLLQASGLGRMKPNTLVIGYKKNWRKAPLTEIENYVGIIHDAFDFEIGVVIVRISQGFDISQVLQVQEELFNQKLVEASTQFKKKQEKGTIDVWWLFDDGGLTLLIPYILTLRKKWKDCKLRIYVGGKINRIEEEKIVMASLLSKFRIKFADIHIIGDINIRPNKESWKVFEEMIEPYRLHESCKDLTTAEKLKRETPWKITDAELEAVKEKSYRQVRLNELLQEHSRAANLIVLSLPVARKGSISDLLYMAWLEILTKNLPPVLLVRGNHKNVLTFYS/EIKKLEDEKEDALTELKYLEARKELFSIDDEEYKRIEERMKELEKKAEELAEKVEKLKKS
18,0,18,1.3015731233175916,0.8395389914512634,0.7717567086219788,9.229776859283447,3.8060691356658936,ITHAFTKNSGLCICCEVFVGPRKLCVKEMNSGMAKKQAWLIKNKIKAFYAAVAADCFRDGVRSLLQASGLGRMKPNTLVIGYKKNWRKAPLTEIENYVGIIHDAFDFEIGVVIVRISQGFDISQVLQVQEELFNQKLVEASTQFKKKQEKGTIDVWWLFDDGGLTLLIPYILTLRKKWKDCKLRIYVGGKINRIEEEKIVMASLLSKFRIKFADIHIIGDINIRPNKESWKVFEEMIEPYRLHESCKDLTTAEKLKRETPWKITDAELEAVKEKSYRQVRLNELLQEHSRAANLIVLSLPVARKGSISDLLYMAWLEILTKNLPPVLLVRGNHKNVLTFYS/EIEKLKEEAKDAETELAYLKFRKELYSIDEEEAERMEKRIAELEKEREELEKKVKELEEK
19,0,19,1.365387685617731,0.8357796669006348,0.7663148641586304,9.502887278795242,3.7022101879119873,ITHAFTKNSGLCICCEVFVGPRKLCVKEMNSGMAKKQAWLIKNKIKAFYAAVAADCFRDGVRSLLQASGLGRMKPNTLVIGYKKNWRKAPLTEIENYVGIIHDAFDFEIGVVIVRISQGFDISQVLQVQEELFNQKLVEASTQFKKKQEKGTIDVWWLFDDGGLTLLIPYILTLRKKWKDCKLRIYVGGKINRIEEEKIVMASLLSKFRIKFADIHIIGDINIRPNKESWKVFEEMIEPYRLHESCKDLTTAEKLKRETPWKITDAELEAVKEKSYRQVRLNELLQEHSRAANLIVLSLPVARKGSISDLLYMAWLEILTKNLPPVLLVRGNHKNVLTFYS/EIDKLKEEAENLKTELKYLEFRKDTFKIDKEVYERTEEKIAKLKKEYEETQKKVDELEKK
5,0,5,1.1791182414215573,0.8297702074050903,0.7902717590332031,9.24329125881195,3.734694480895996,ITHAFTKNSGLCICCEVFVGPRKLCVKEMNSGMAKKQAWLIKNKIKAFYAAVAADCFRDGVRSLLQASGLGRMKPNTLVIGYKKNWRKAPLTEIENYVGIIHDAFDFEIGVVIVRISQGFDISQVLQVQEELFNQKLVEASTQFKKKQEKGTIDVWWLFDDGGLTLLIPYILTLRKKWKDCKLRIYVGGKINRIEEEKIVMASLLSKFRIKFADIHIIGDINIRPNKESWKVFEEMIEPYRLHESCKDLTTAEKLKRETPWKITDAELEAVKEKSYRQVRLNELLQEHSRAANLIVLSLPVARKGSISDLLYMAWLEILTKNLPPVLLVRGNHKNVLTFYS/EIEKLKEEAENYEIELKYLEFRKDIFSIDEEEYKRVEKKIKELKEKKEKLKKEIEKLEES
8,0,8,1.4792249716836483,0.829319953918457,0.5066410303115845,18.43644028902054,4.929961681365967,ITHAFTKNSGLCICCEVFVGPRKLCVKEMNSGMAKKQAWLIKNKIKAFYAAVAADCFRDGVRSLLQASGLGRMKPNTLVIGYKKNWRKAPLTEIENYVGIIHDAFDFEIGVVIVRISQGFDISQVLQVQEELFNQKLVEASTQFKKKQEKGTIDVWWLFDDGGLTLLIPYILTLRKKWKDCKLRIYVGGKINRIEEEKIVMASLLSKFRIKFADIHIIGDINIRPNKESWKVFEEMIEPYRLHESCKDLTTAEKLKRETPWKITDAELEAVKEKSYRQVRLNELLQEHSRAANLIVLSLPVARKGSISDLLYMAWLEILTKNLPPVLLVRGNHKNVLTFYS/EIESLKDDAETAEILLNYLKFREDEYKIDPELYEITEKKMKNLEKEIKELKEKVKELEEK
13,0,13,1.3511021852724976,0.8225195407867432,0.2624658942222595,24.20802015066147,3.863469362258911,ITHAFTKNSGLCICCEVFVGPRKLCVKEMNSGMAKKQAWLIKNKIKAFYAAVAADCFRDGVRSLLQASGLGRMKPNTLVIGYKKNWRKAPLTEIENYVGIIHDAFDFEIGVVIVRISQGFDISQVLQVQEELFNQKLVEASTQFKKKQEKGTIDVWWLFDDGGLTLLIPYILTLRKKWKDCKLRIYVGGKINRIEEEKIVMASLLSKFRIKFADIHIIGDINIRPNKESWKVFEEMIEPYRLHESCKDLTTAEKLKRETPWKITDAELEAVKEKSYRQVRLNELLQEHSRAANLIVLSLPVARKGSISDLLYMAWLEILTKNLPPVLLVRGNHKNVLTFYS/SIKKLKQEAEDYKIQLKYLEARKDLFKIDPETYEKAEKKMKELKEKEKSLNEKIEEEEKK
12,0,12,1.3434587287650557,0.8145279884338379,0.2499691396951675,24.7715802192688,4.837987899780273,ITHAFTKNSGLCICCEVFVGPRKLCVKEMNSGMAKKQAWLIKNKIKAFYAAVAADCFRDGVRSLLQASGLGRMKPNTLVIGYKKNWRKAPLTEIENYVGIIHDAFDFEIGVVIVRISQGFDISQVLQVQEELFNQKLVEASTQFKKKQEKGTIDVWWLFDDGGLTLLIPYILTLRKKWKDCKLRIYVGGKINRIEEEKIVMASLLSKFRIKFADIHIIGDINIRPNKESWKVFEEMIEPYRLHESCKDLTTAEKLKRETPWKITDAELEAVKEKSYRQVRLNELLQEHSRAANLIVLSLPVARKGSISDLLYMAWLEILTKNLPPVLLVRGNHKNVLTFYS/VINNLKKEAEDKETELKFLEFQKDLYKIDDESYELLEKKMKELKEEKEELEKKIKELEKK
10,0,10,1.471694312247724,0.8140169382095337,0.7275840640068054,12.231912761926653,3.391508102416992,ITHAFTKNSGLCICCEVFVGPRKLCVKEMNSGMAKKQAWLIKNKIKAFYAAVAADCFRDGVRSLLQASGLGRMKPNTLVIGYKKNWRKAPLTEIENYVGIIHDAFDFEIGVVIVRISQGFDISQVLQVQEELFNQKLVEASTQFKKKQEKGTIDVWWLFDDGGLTLLIPYILTLRKKWKDCKLRIYVGGKINRIEEEKIVMASLLSKFRIKFADIHIIGDINIRPNKESWKVFEEMIEPYRLHESCKDLTTAEKLKRETPWKITDAELEAVKEKSYRQVRLNELLQEHSRAANLIVLSLPVARKGSISDLLYMAWLEILTKNLPPVLLVRGNHKNVLTFYS/GIEELENKRKDLEILLEYYEFRKDLYNIDEEDAKRMEAKMKKLKEEAEKVKQEVERLKSA
1,0,1,1.1983236698299196,0.8109785318374634,0.76291424036026,9.678934782743454,3.3579275608062744,ITHAFTKNSGLCICCEVFVGPRKLCVKEMNSGMAKKQAWLIKNKIKAFYAAVAADCFRDGVRSLLQASGLGRMKPNTLVIGYKKNWRKAPLTEIENYVGIIHDAFDFEIGVVIVRISQGFDISQVLQVQEELFNQKLVEASTQFKKKQEKGTIDVWWLFDDGGLTLLIPYILTLRKKWKDCKLRIYVGGKINRIEEEKIVMASLLSKFRIKFADIHIIGDINIRPNKESWKVFEEMIEPYRLHESCKDLTTAEKLKRETPWKITDAELEAVKEKSYRQVRLNELLQEHSRAANLIVLSLPVARKGSISDLLYMAWLEILTKNLPPVLLVRGNHKNVLTFYS/ELEKLEEEKKDYETELAYLKFRLDLFSIDEEEYERTKKKIEELEKKAEELKKKIEELKKK
29,0,29,1.2670187500987744,0.808425784111023,0.7175271511077881,10.366933941841124,4.689295291900635,ITHAFTKNSGLCICCEVFVGPRKLCVKEMNSGMAKKQAWLIKNKIKAFYAAVAADCFRDGVRSLLQASGLGRMKPNTLVIGYKKNWRKAPLTEIENYVGIIHDAFDFEIGVVIVRISQGFDISQVLQVQEELFNQKLVEASTQFKKKQEKGTIDVWWLFDDGGLTLLIPYILTLRKKWKDCKLRIYVGGKINRIEEEKIVMASLLSKFRIKFADIHIIGDINIRPNKESWKVFEEMIEPYRLHESCKDLTTAEKLKRETPWKITDAELEAVKEKSYRQVRLNELLQEHSRAANLIVLSLPVARKGSISDLLYMAWLEILTKNLPPVLLVRGNHKNVLTFYS/EVKELEEKEEDLKTELAYLEARKDLYSIDPEEAERMDERMKKLKEEAEKLKKLVEELKKK
16,0,16,1.2674627356602302,0.8071036338806152,0.7585943937301636,9.727307796478271,4.028697490692139,ITHAFTKNSGLCICCEVFVGPRKLCVKEMNSGMAKKQAWLIKNKIKAFYAAVAADCFRDGVRSLLQASGLGRMKPNTLVIGYKKNWRKAPLTEIENYVGIIHDAFDFEIGVVIVRISQGFDISQVLQVQEELFNQKLVEASTQFKKKQEKGTIDVWWLFDDGGLTLLIPYILTLRKKWKDCKLRIYVGGKINRIEEEKIVMASLLSKFRIKFADIHIIGDINIRPNKESWKVFEEMIEPYRLHESCKDLTTAEKLKRETPWKITDAELEAVKEKSYRQVRLNELLQEHSRAANLIVLSLPVARKGSISDLLYMAWLEILTKNLPPVLLVRGNHKNVLTFYS/KIEELRKKAEDAKIELKYLEFRKELFSIDEEEYEKTEKKIKELEEKYKEIEKKVKEEEEK
0,0,0,1.3816675166469758,0.8070654273033142,0.2684763669967651,24.07476270198822,4.940807342529297,ITHAFTKNSGLCICCEVFVGPRKLCVKEMNSGMAKKQAWLIKNKIKAFYAAVAADCFRDGVRSLLQASGLGRMKPNTLVIGYKKNWRKAPLTEIENYVGIIHDAFDFEIGVVIVRISQGFDISQVLQVQEELFNQKLVEASTQFKKKQEKGTIDVWWLFDDGGLTLLIPYILTLRKKWKDCKLRIYVGGKINRIEEEKIVMASLLSKFRIKFADIHIIGDINIRPNKESWKVFEEMIEPYRLHESCKDLTTAEKLKRETPWKITDAELEAVKEKSYRQVRLNELLQEHSRAANLIVLSLPVARKGSISDLLYMAWLEILTKNLPPVLLVRGNHKNVLTFYS/EIKKIEEEAENYKTELKYLEFRRELYKIDPEEYKRTEKKMEELKKKYEDLEAKAAELSEE
1,0,1,1.2787193102493548,0.7971594333648682,0.3726402819156647,21.75739979743957,4.42539644241333,ITHAFTKNSGLCICCEVFVGPRKLCVKEMNSGMAKKQAWLIKNKIKAFYAAVAADCFRDGVRSLLQASGLGRMKPNTLVIGYKKNWRKAPLTEIENYVGIIHDAFDFEIGVVIVRISQGFDISQVLQVQEELFNQKLVEASTQFKKKQEKGTIDVWWLFDDGGLTLLIPYILTLRKKWKDCKLRIYVGGKINRIEEEKIVMASLLSKFRIKFADIHIIGDINIRPNKESWKVFEEMIEPYRLHESCKDLTTAEKLKRETPWKITDAELEAVKEKSYRQVRLNELLQEHSRAANLIVLSLPVARKGSISDLLYMAWLEILTKNLPPVLLVRGNHKNVLTFYS/ELEELEEKREYYEIELKYLEFRRNISKIYPDIYEKDEKKMEELKKKAEELKKKIEELKES
13,0,13,1.3773664941578272,0.7813315987586975,0.7041946649551392,11.02420973777771,3.397838592529297,ITHAFTKNSGLCICCEVFVGPRKLCVKEMNSGMAKKQAWLIKNKIKAFYAAVAADCFRDGVRSLLQASGLGRMKPNTLVIGYKKNWRKAPLTEIENYVGIIHDAFDFEIGVVIVRISQGFDISQVLQVQEELFNQKLVEASTQFKKKQEKGTIDVWWLFDDGGLTLLIPYILTLRKKWKDCKLRIYVGGKINRIEEEKIVMASLLSKFRIKFADIHIIGDINIRPNKESWKVFEEMIEPYRLHESCKDLTTAEKLKRETPWKITDAELEAVKEKSYRQVRLNELLQEHSRAANLIVLSLPVARKGSISDLLYMAWLEILTKNLPPVLLVRGNHKNVLTFYS/ELETLKEEAENYEIELKYLEFTKELSSIFDEDKERLDIKMEELKKKRENLLKEIEKLEKE
30,0,30,1.3100543891690268,0.7470640540122986,0.4045183062553406,21.04432028532028,3.479414701461792,ITHAFTKNSGLCICCEVFVGPRKLCVKEMNSGMAKKQAWLIKNKIKAFYAAVAADCFRDGVRSLLQASGLGRMKPNTLVIGYKKNWRKAPLTEIENYVGIIHDAFDFEIGVVIVRISQGFDISQVLQVQEELFNQKLVEASTQFKKKQEKGTIDVWWLFDDGGLTLLIPYILTLRKKWKDCKLRIYVGGKINRIEEEKIVMASLLSKFRIKFADIHIIGDINIRPNKESWKVFEEMIEPYRLHESCKDLTTAEKLKRETPWKITDAELEAVKEKSYRQVRLNELLQEHSRAANLIVLSLPVARKGSISDLLYMAWLEILTKNLPPVLLVRGNHKNVLTFYS/ELEKLEEEKENLKTELKYLEFRWPLYSIDEEEKKIVEKKMKELKEEAEKLEKKVKRLKEK
1,0,1,1.3049255719096162,0.7164909243583679,0.6502717733383179,12.169102400541306,3.7377963066101074,ITHAFTKNSGLCICCEVFVGPRKLCVKEMNSGMAKKQAWLIKNKIKAFYAAVAADCFRDGVRSLLQASGLGRMKPNTLVIGYKKNWRKAPLTEIENYVGIIHDAFDFEIGVVIVRISQGFDISQVLQVQEELFNQKLVEASTQFKKKQEKGTIDVWWLFDDGGLTLLIPYILTLRKKWKDCKLRIYVGGKINRIEEEKIVMASLLSKFRIKFADIHIIGDINIRPNKESWKVFEEMIEPYRLHESCKDLTTAEKLKRETPWKITDAELEAVKEKSYRQVRLNELLQEHSRAANLIVLSLPVARKGSISDLLYMAWLEILTKNLPPVLLVRGNHKNVLTFYS/EIKKLEEEREDLEIELKYLEARKEEHSIDEEESKRLNEKMKELEEKAKKLKEKVEKLKEE
